[
  {
    "name": "Lago di Bilancino",
    "lat": 43.937,
    "lon": 11.335,
    "provincia": "Firenze",
    "tipo": "lago",
    "fish": [
      "Carpa",
      "Black Bass",
      "Persico"
    ],
    "recensioni": 4.3
  },
  {
    "name": "Fiume Tevere",
    "lat": 41.893,
    "lon": 12.482,
    "provincia": "Roma",
    "tipo": "fiume",
    "fish": [
      "Spigola",
      "Cavedano",
      "Persico"
    ],
    "recensioni": 4.4
  },
  {
    "name": "Lago Trasimeno",
    "lat": 43.127,
    "lon": 12.113,
    "provincia": "Perugia",
    "tipo": "lago",
    "fish": [
      "Luccio",
      "Carpa",
      "Tinca"
    ],
    "recensioni": 4.5
  },
  {
    "name": "Fiume Adda",
    "lat": 45.4,
    "lon": 9.5,
    "provincia": "Lodi",
    "tipo": "fiume",
    "fish": [
      "Carpa",
      "Siluro"
    ],
    "recensioni": 4.2
  },
  {
    "name": "Mare Adriatico - Rimini",
    "lat": 44.06,
    "lon": 12.57,
    "provincia": "Rimini",
    "tipo": "mare",
    "fish": [
      "Spigola",
      "Orata",
      "Cefalo"
    ],
    "recensioni": 4.0
  },
  {
    "name": "Fiume Arno - Pontedera",
    "lat": 43.666,
    "lon": 10.632,
    "provincia": "Pisa",
    "tipo": "fiume",
    "fish": [
      "Trota",
      "Barbo",
      "Carpa"
    ],
    "recensioni": 4.1
  },
  {
    "name": "Lago di Garda",
    "lat": 45.6,
    "lon": 10.6,
    "provincia": "Brescia",
    "tipo": "lago",
    "fish": [
      "Trota",
      "Coregone",
      "Luccio"
    ],
    "recensioni": 4.8
  },
  {
    "name": "Fiume Po - Cremona",
    "lat": 45.133,
    "lon": 10.033,
    "provincia": "Cremona",
    "tipo": "fiume",
    "fish": [
      "Siluro",
      "Carpa",
      "Barbo"
    ],
    "recensioni": 4.3
  },
  {
    "name": "Lago di Vico",
    "lat": 42.315,
    "lon": 12.187,
    "provincia": "Viterbo",
    "tipo": "lago",
    "fish": [
      "Tinca",
      "Luccio",
      "Persico"
    ],
    "recensioni": 4.2
  },
  {
    "name": "Mare Tirreno - Livorno",
    "lat": 43.547,
    "lon": 10.304,
    "provincia": "Livorno",
    "tipo": "mare",
    "fish": [
      "Spigola",
      "Orata",
      "Cefalo"
    ],
    "recensioni": 4.0
  },
  {
    "name": "Lago di Bracciano",
    "lat": 42.106,
    "lon": 12.243,
    "provincia": "Roma",
    "tipo": "lago",
    "fish": [
      "Coregone",
      "Carpa",
      "Luccio"
    ],
    "recensioni": 4.6
  },
  {
    "name": "Fiume Piave - Belluno",
    "lat": 46.138,
    "lon": 12.217,
    "provincia": "Belluno",
    "tipo": "fiume",
    "fish": [
      "Trota",
      "Cavedano",
      "Barbo"
    ],
    "recensioni": 4.1
  },
  {
    "name": "Lago d'Iseo",
    "lat": 45.709,
    "lon": 10.064,
    "provincia": "Brescia",
    "tipo": "lago",
    "fish": [
      "Persico",
      "Luccio",
      "Trota"
    ],
    "recensioni": 4.4
  },
  {
    "name": "Lago di Bolsena",
    "lat": 42.643,
    "lon": 11.948,
    "provincia": "Viterbo",
    "tipo": "lago",
    "fish": [
      "Coregone",
      "Carpa",
      "Tinca"
    ],
    "recensioni": 4.5
  },
  {
    "name": "Fiume Ticino - Pavia",
    "lat": 45.192,
    "lon": 9.153,
    "provincia": "Pavia",
    "tipo": "fiume",
    "fish": [
      "Siluro",
      "Persico",
      "Carpa"
    ],
    "recensioni": 4.3
  },
  {
    "name": "Mare Adriatico - Ancona",
    "lat": 43.623,
    "lon": 13.518,
    "provincia": "Ancona",
    "tipo": "mare",
    "fish": [
      "Spigola",
      "Orata",
      "Cefalo"
    ],
    "recensioni": 4.2
  },
  {
    "name": "Lago di Viverone",
    "lat": 45.416,
    "lon": 8.035,
    "provincia": "Biella",
    "tipo": "lago",
    "fish": [
      "Persico",
      "Tinca",
      "Luccio"
    ],
    "recensioni": 4.4
  },
  {
    "name": "Fiume Piave",
    "lat": 45.8,
    "lon": 12.2,
    "provincia": "Treviso",
    "tipo": "fiume",
    "fish": [
      "Trota",
      "Barbo",
      "Cavedano"
    ],
    "recensioni": 4.3
  },
  {
    "name": "Porticciolo di Cefalù",
    "lat": 38.034,
    "lon": 14.033,
    "provincia": "Palermo",
    "tipo": "mare",
    "fish": [
      "Spigola",
      "Orata",
      "Tonnetto"
    ],
    "recensioni": 4.2
  },
  {
    "name": "Stagno di Cabras",
    "lat": 39.933,
    "lon": 8.517,
    "provincia": "Oristano",
    "tipo": "lago",
    "fish": [
      "Muggine",
      "Anguilla",
      "Spigola"
    ],
    "recensioni": 4.5
  },
  {
    "name": "Scogliera di Tropea",
    "lat": 38.677,
    "lon": 15.897,
    "provincia": "Vibo Valentia",
    "tipo": "mare",
    "fish": [
      "Saraghi",
      "Spigola",
      "Occhiata"
    ],
    "recensioni": 4.4
  },
  {
    "name": "Molo di Bari",
    "lat": 41.128,
    "lon": 16.868,
    "provincia": "Bari",
    "tipo": "mare",
    "fish": [
      "Orata",
      "Spigola",
      "Cefalo"
    ],
    "recensioni": 4.3
  },
  {
    "name": "Lago Patria",
    "lat": 40.917,
    "lon": 14.017,
    "provincia": "Napoli",
    "tipo": "lago",
    "fish": [
      "Carpa",
      "Tinca",
      "Persico"
    ],
    "recensioni": 4.2
  },
  {
    "name": "Fiume Metauro",
    "lat": 43.761,
    "lon": 12.983,
    "provincia": "Pesaro e Urbino",
    "tipo": "fiume",
    "fish": [
      "Trota",
      "Barbo"
    ],
    "recensioni": 4.1
  },
  {
    "name": "Lago di Piediluco",
    "lat": 42.535,
    "lon": 12.744,
    "provincia": "Terni",
    "tipo": "lago",
    "fish": [
      "Luccio",
      "Carpa",
      "Tinca"
    ],
    "recensioni": 4.3
  },
  {
    "name": "Lago di Campotosto",
    "lat": 42.541,
    "lon": 13.396,
    "provincia": "L'Aquila",
    "tipo": "lago",
    "fish": [
      "Trota",
      "Persico"
    ],
    "recensioni": 4.2
  },
  {
    "name": "Baia del Silenzio",
    "lat": 44.272,
    "lon": 9.397,
    "provincia": "Genova",
    "tipo": "mare",
    "fish": [
      "Orata",
      "Cefalo",
      "Saraghi"
    ],
    "recensioni": 4.5
  },
  {
    "name": "Lago di Molveno",
    "lat": 46.139,
    "lon": 10.963,
    "provincia": "Trento",
    "tipo": "lago",
    "fish": [
      "Trota",
      "Coregone",
      "Persico"
    ],
    "recensioni": 4.6
  },
  {
    "name": "Fiume Tagliamento",
    "lat": 46.173,
    "lon": 13.071,
    "provincia": "Udine",
    "tipo": "fiume",
    "fish": [
      "Trota",
      "Barbo"
    ],
    "recensioni": 4.1
  },
  {
    "name": "Lago di Pietra del Pertusillo",
    "lat": 40.3,
    "lon": 15.9,
    "provincia": "Potenza",
    "tipo": "lago",
    "fish": [
      "Carpa",
      "Siluro",
      "Persico"
    ],
    "recensioni": 4.2
  },
  {
    "name": "Lago di Guardialfiera",
    "lat": 41.707,
    "lon": 14.805,
    "provincia": "Campobasso",
    "tipo": "lago",
    "fish": [
      "Carpa",
      "Persico",
      "Trota"
    ],
    "recensioni": 4.0
  },
  {
    "name": "Lago Lexert",
    "lat": 45.867,
    "lon": 7.333,
    "provincia": "Aosta",
    "tipo": "lago",
    "fish": [
      "Trota"
    ],
    "recensioni": 4.4
  }
]